{
    "timestamp": "20250317_171037",
    "epochs_trained": 5,
    "max_epochs": 5,
    "patience": 10,
    "final_train_loss": 0.0016814941773191094,
    "final_val_loss": 0.0014296311419457197,
    "mse": 9413560.0,
    "rmse": 3068.152587890625,
    "mae": 1338.31591796875,
    "r2_score": 0.6682457007244368
}