{
    "timestamp": "20250317_192526",
    "epochs_trained": 1,
    "max_epochs": 1,
    "patience": 10,
    "final_train_loss": 0.007686488796025515,
    "final_val_loss": 0.001666389056481421,
    "mse": 10604432.0,
    "rmse": 3256.444580078125,
    "mae": 1416.332275390625,
    "r2_score": 0.5955415483791989
}