{
    "timestamp": "20250308_235816",
    "epochs_trained": 10,
    "max_epochs": 10,
    "patience": 10,
    "final_train_loss": 0.0015132083790376782,
    "final_val_loss": 0.0013091022847220302,
    "mse": 8667016.0,
    "rmse": 2943.979736328125,
    "mae": 1257.3173828125,
    "r2_score": 0.7009711265563965
}