{
    "timestamp": "20250307_211429",
    "epochs_trained": 5,
    "max_epochs": 5,
    "patience": 5,
    "final_train_loss": 0.027470890432596207,
    "final_val_loss": 0.027456799522042274,
    "mse": 930.0595678127478,
    "rmse": 30.496878001079846,
    "mae": 20.381445999330875,
    "r2_score": 0.1541974843348728
}