{
    "timestamp": "20250317_183532",
    "epochs_trained": 5,
    "max_epochs": 5,
    "patience": 10,
    "final_train_loss": 0.0015571726253256202,
    "final_val_loss": 0.0013705560704693198,
    "mse": 8920974.0,
    "rmse": 2986.800048828125,
    "mae": 1287.862548828125,
    "r2_score": 0.6866459853175484
}