{
    "timestamp": "20250308_221918",
    "epochs_trained": 10,
    "max_epochs": 10,
    "patience": 10,
    "final_train_loss": 0.0015919149154797196,
    "final_val_loss": 0.0013378160074353218,
    "mse": 8846221.0,
    "rmse": 2974.259765625,
    "mae": 1280.294189453125,
    "r2_score": 0.6928958296775818
}