{
    "timestamp": "20250309_014835",
    "epochs_trained": 1,
    "max_epochs": 1,
    "patience": 10,
    "final_train_loss": 0.008226446807384491,
    "final_val_loss": 0.0017150731291621923,
    "speed_metrics": {
        "mse": 498.8899230957031,
        "rmse": 22.335844039916992,
        "mae": 14.863579750061035,
        "r2_score": 0.5463060736656189
    },
    "flow_metrics": {
        "mse": 11348.099609375,
        "rmse": 106.52745819091797,
        "mae": 64.09937286376953,
        "r2_score": 0.8387994766235352
    }
}