{
    "timestamp": "20250309_012004",
    "epochs_trained": 1,
    "max_epochs": 1,
    "patience": 10,
    "final_train_loss": 0.008534672670066357,
    "final_val_loss": 0.0017146504251286387,
    "speed_metrics": {
        "mse": 467.4869689941406,
        "rmse": 21.62144660949707,
        "mae": 14.607320785522461,
        "r2_score": 0.5748641490936279
    },
    "flow_metrics": {
        "mse": 13007.6669921875,
        "rmse": 114.05116271972656,
        "mae": 70.26032257080078,
        "r2_score": 0.8152252435684204
    }
}