{
    "timestamp": "20250308_193429",
    "epochs_trained": 5,
    "max_epochs": 5,
    "patience": 10,
    "final_train_loss": 0.013461354188621044,
    "final_val_loss": 0.013034872710704803,
    "mse": 316.86492919921875,
    "rmse": 17.800701141357422,
    "mae": 10.826961517333984,
    "r2_score": 0.7118408679962158
}