{
    "timestamp": "20250308_235133",
    "epochs_trained": 1,
    "max_epochs": 1,
    "patience": 10,
    "final_train_loss": 0.006115943193435669,
    "final_val_loss": 0.0016862087650224566,
    "mse": 10592365.0,
    "rmse": 3254.59130859375,
    "mae": 1400.211181640625,
    "r2_score": 0.5858387351036072
}