{
    "timestamp": "20250308_202544",
    "epochs_trained": 10,
    "max_epochs": 10,
    "patience": 10,
    "final_train_loss": 0.002714166883379221,
    "final_val_loss": 0.0022545955143868923,
    "speed_metrics": {
        "mse": 218.5746612548828,
        "rmse": 14.784270286560059,
        "mae": 9.294760704040527,
        "r2_score": 0.7456803321838379
    },
    "flow_metrics": {
        "mse": 5630.09228515625,
        "rmse": 75.03394317626953,
        "mae": 44.399105072021484,
        "r2_score": 0.9200241565704346
    }
}