{
    "timestamp": "20250317_192042",
    "epochs_trained": 1,
    "max_epochs": 1,
    "patience": 10,
    "final_train_loss": 0.006621852051466703,
    "final_val_loss": 0.0016565079567953944,
    "mse": 10570969.0,
    "rmse": 3251.302734375,
    "mae": 1402.5245361328125,
    "r2_score": 0.6038617014472009
}